459.4,1147.6,13.657,4.2475,1.5735,1.8615
467,1128.2,10.672,2.1145,1.4945,1.5705
477,779.28,0.2925,2.395,1.4165,1.8695
498.2,537.42,8.4675,3.8209,1.9505,1.5245
301.8,459.58,7.8375,4.2712,1.2685,1.9395
288.6,430.4,12.443,3.4694,1.8545,1.6195
102.6,1333.9,4.7475,3.6827,1.1255,1.6045
337.4,1304.7,9.1575,4.0461,1.9475,1.7085
173.4,454.02,9.6825,1.6998,1.6435,1.3725
352.6,736.2,6.6375,4.4411,1.3365,1.0175
135.8,1399.2,13.387,3.7301,1.7055,1.9265
248.2,825.15,6.9675,3.8841,1.5595,1.4265
207.8,848.78,6.3375,2.4029,1.7245,1.6165
417.8,876.59,3.7875,1.9526,1.3005,1.8235
222.2,434.56,5.0325,1.0599,1.0575,1.0295
419.8,1363.1,2.6625,2.3041,1.1705,1.8145
156.2,188.53,5.5725,4.3344,1.3625,1.7875
179.4,194.09,12.022,3.3943,1.0985,1.5385
497.4,934.97,9.2175,4.7413,1.3875,1.4705
419.4,754.26,12.578,3.7617,1.3065,1.9495
426.6,1325.6,0.3825,4.3384,1.6085,1.3565
149.4,523.52,6.7125,2.2844,1.7935,1.6155
281,490.17,10.643,2.7979,1.3225,1.1745
190.6,1471.5,3.9525,1.4865,1.1385,1.4115
457,725.08,5.1375,3.2087,1.3575,1.0645
111.4,123.2,8.8575,3.2245,1.6585,1.6435
153,199.66,11.287,1.127,1.0085,1.1255
181,189.93,13.912,3.501,1.5875,1.2485
266.6,858.51,8.8125,1.763,1.6865,1.4025
115.4,216.33,10.162,4.0145,1.8575,1.1705
442.6,1080.9,1.7475,3.7577,1.5285,1.2525
433,1105.9,13.237,3.8644,1.2485,1.2275
298.6,409.55,4.7175,3.3074,1.7355,1.3125
219,506.84,3.4425,4.3068,1.3805,1.6865
373.8,625,7.9125,1.9289,1.7975,1.7735
263.8,1443.7,12.683,3.1376,1.6725,1.7165
372.6,1079.5,1.5075,4.8321,1.5305,1.5865
308.6,1336.7,0.5325,3.8881,1.4755,1.2035
231.4,424.84,7.1175,2.8413,1.7825,1.6175
140.2,1028.1,10.433,1.5615,1.5195,1.1205
409.8,412.32,3.0075,2.0632,1.9335,1.7635
233,1382.5,7.0575,4.5477,1.2005,1.3425
204.2,267.76,11.977,4.84,1.9895,1.3295
200.2,281.66,13.312,2.1619,1.5525,1.1215
208.2,581.9,0.8925,4.1093,1.3195,1.9305
362.6,637.5,11.407,3.5721,1.2195,1.7565
165.4,1354.7,0.0825,2.8927,1.2095,1.7045
305,1397.8,13.043,2.158,1.0285,1.3605
390.6,1392.3,5.6775,4.3818,1.8335,1.5305
245.4,262.21,1.4625,3.0941,1.3595,1.5075
485,1402,9.7875,1.3127,1.2375,1.1725
318.2,522.13,1.5225,4.2949,1.9145,1.7385
393.8,1043.4,9.0675,2.47,1.0655,1.9545
184.6,195.49,2.8875,3.1889,1.6095,1.0915
264.6,583.3,6.8475,2.2488,1.0825,1.9505
499,773.73,10.312,4.2791,1.6825,1.1325
333,1092,5.3475,2.7189,1.5115,1.5155
155.8,301.12,14.287,1.3482,1.2985,1.0315
153.8,904.38,8.1225,1.8341,1.4005,1.5995
286.2,316.41,11.542,2.5372,1.3985,1.5195
407.8,586.08,3.0825,2.9993,1.4305,1.4275
308.2,1169.9,11.362,4.3502,1.3455,1.9855
347.8,536.03,1.7775,2.8532,1.4505,1.9535
191,1386.7,2.6775,4.1606,1.5275,1.4665
287.8,484.61,10.342,2.5885,1.1355,1.4285
187.4,230.23,7.8675,1.8578,1.7545,1.1965
319.8,433.18,13.073,4.6188,1.6545,1.7545
491,584.69,8.4225,4.9506,1.9765,1.6255
117.4,333.1,6.1725,3.892,1.4665,1.1415
446.2,573.57,3.3525,2.0355,1.4855,1.7235
252.2,994.73,12.203,2.391,1.1875,1.6325
476.6,1037.8,11.317,3.1731,1.8845,1.0775
445,1275.5,8.5875,3.4812,1.6035,1.2405
272.6,1201.8,10.297,1.9802,1.4125,1.5875
440.2,875.19,12.338,4.603,1.4265,1.0825
212.6,377.57,12.457,2.9796,1.4605,1.1375
179,804.3,7.1025,1.4746,1.3405,1.4735
364.6,1321.4,14.137,2.4977,1.9515,1.3195
307,844.62,6.7425,3.1139,1.4795,1.2045
271.8,619.43,12.773,1.3561,1.3095,1.2075
125.8,206.61,2.0025,1.8973,1.5625,1.4785
468.6,1094.8,11.168,4.6899,1.2765,1.9575
202.2,1160.1,1.1175,4.7531,1.9615,1.8255
314.2,732.02,14.648,2.8729,1.9135,1.3355
348.2,1268.6,3.5775,4.445,1.9905,1.4325
236.6,1271.3,14.273,4.129,1.1535,1.2865
473,940.53,8.3775,2.1106,1.2175,1.5375
133,169.07,6.8925,4.4806,1.7265,1.2375
419,620.83,2.7225,4.5122,1.7755,1.3685
369.8,846,0.2475,2.4503,1.9025,1.0975
406.6,1472.9,11.467,2.4621,1.7565,1.3315
353.8,463.75,3.3375,3.0981,1.6655,1.0205
372.2,791.79,3.5625,1.289,1.2795,1.2235
193,1353.4,1.4775,1.5141,1.5005,1.0125
262.2,310.86,0.9225,2.5016,1.8535,1.1005
432.2,1053.1,5.1225,3.3509,1.0685,1.8895
131,134.32,8.1675,3.264,1.2455,1.9635
134.6,492.95,8.4075,4.6702,1.9225,1.1535
397,1026.7,0.1425,2.2409,1.9045,1.2575
309,666.7,13.447,3.8249,1.0815,1.6215
229.8,298.35,0.8625,3.26,1.0305,1.9375
153.4,182.97,9.0075,1.7551,1.5585,1.7225
377.4,378.97,3.3075,2.8887,1.6355,1.7195
431,541.6,8.6325,1.3087,1.2945,1.3085
399.4,655.58,3.8175,2,1.4555,1.9385
111,1379.8,3.5925,3.9473,1.7385,1.9345
310.2,1420.1,7.6275,4.1014,1.9625,1.4585
484.6,972.5,1.1775,3.1573,1.2695,1.8025
229.4,1100.4,5.7075,2.7742,1.7345,1.9085
139.8,979.44,1.4925,4.9941,1.7115,1.4755
264.2,549.93,3.7125,3.6787,1.4655,1.9045
117.8,173.25,2.3325,4.9467,1.4715,1.6145
170.2,174.63,10.598,4.4292,1.9035,1.0835
151.4,1465.9,14.123,2.7426,1.9235,1.3335
211.4,392.87,2.2125,2.4108,1.8905,1.6795
494.6,919.68,8.1525,3.181,1.7335,1.5005
432.6,1435.4,1.8375,4.4371,1.8765,1.4565
169,235.8,11.257,2.3081,1.1615,1.7975
216.2,1310.3,4.1475,1.684,1.1285,1.4575
252.6,438.73,13.357,1.8894,1.7845,1.6025
306.6,1124,11.873,3.3706,1.8885,1.1025
460.6,1071.2,4.6875,2.3436,1.8585,1.1485
293.8,782.06,4.7775,1.3759,1.1415,1.2255
129,132.94,9.0525,4.6662,1.7085,1.3145
346.6,1299.1,14.843,1.1823,1.1565,1.0025
305.4,315.02,11.422,3.7893,1.0495,1.9735
183.8,295.56,6.9825,3.1771,1.8715,1.8405
294.6,1306.1,13.732,1.447,1.4315,1.1975
270.6,926.62,6.0375,2.1896,1.6075,1.1185
278.2,372.01,7.5825,3.2916,1.5605,1.6005
413,1054.5,7.4025,3.0072,1.8855,1.0595
105.4,162.12,13.522,1.6919,1.2565,1.4495
213.4,872.41,12.412,3.6945,1.7855,1.1605
125.4,145.44,2.4525,3.339,1.6525,1.3075
441.8,462.37,3.3825,1.5102,1.1865,1.4485
255.4,1467.3,13.177,4.6781,1.3035,1.4655
210.6,1422.9,5.9175,2.869,1.8455,1.9295
359,1390.9,2.0925,3.734,1.8195,1.5695
319,698.66,14.993,2.9638,1.5025,1.2055
162.6,167.69,0.6675,4.6267,1.7455,1.3255
360.2,1440.9,7.2075,2.2014,1.6955,1.0215
449,1192.1,4.4625,4.7018,1.9795,1.9945
499.8,1265.8,11.482,3.6234,1.5295,1.1265
205.8,758.44,2.8275,3.8367,1.8995,1.9175
204.6,663.92,8.7375,3.9829,1.5325,1.8635
430.2,990.56,10.523,1.8301,1.7485,1.3305
128.2,205.22,5.2125,1.1942,1.0035,1.1685
401,809.86,13.492,3.5286,1.5075,1.7465
371.8,1339.5,6.1275,2.2251,1.3685,1.3695
431.8,1204.6,3.0225,4.919,1.5335,1.7355
166.2,181.58,5.3325,1.2139,1.0235,1.2125
311,1254.7,3.6825,3.6195,1.6235,1.4385
141,712.56,8.0925,4.449,1.8375,1.1465
474.2,1069.8,10.043,2.0474,1.3635,1.7985
381.4,566.62,4.1325,4.0066,1.3825,1.8725
115,398.43,8.4375,4.2238,1.8355,1.9415
203,650.01,1.5375,1.8064,1.6495,1.0555
118.2,342.83,2.2275,4.8519,1.5235,1.5035
197,213.56,3.4725,3.0349,1.0275,1.5775
118.6,125.98,11.828,2.3752,1.5915,1.0235
143.8,226.06,4.2075,4.2831,1.4965,1.1555
333.8,394.25,11.138,3.0428,1.5905,1.2285
280.6,406.76,8.3475,1.3798,1.3435,1.2745
225.8,237.19,12.502,2.2686,1.7655,1.7515
159,623.61,11.438,2.8255,1.6405,1.6655
323.4,1496.5,8.2275,1.4351,1.4015,1.0485
442.2,953.04,7.0875,4.9862,1.8185,1.8275
144.6,397.03,10.718,2.711,1.2545,1.7905
383,556.88,6.2325,4.0184,1.8395,1.5125
403.8,1303.3,10.447,2.7781,1.5555,1.2165
175.4,303.91,2.1075,1.4628,1.3495,1.2455
492.2,1226.9,13.252,4.3621,1.7465,1.4105
241.8,1182.4,14.558,2.8334,1.4195,1.3895
322.2,1010,8.9625,3.3588,1.8255,1.7935
167.4,512.4,13.612,4.9822,1.8605,1.9275
199.4,423.44,5.9025,3.2521,1.8005,1.1925
401.4,734.81,9.3375,3.2877,1.2725,1.7135
156.6,1389.5,11.887,4.8361,1.9715,1.1545
163,390.09,9.8775,4.5438,1.6575,1.9665
365.4,451.25,9.3825,1.2179,1.2055,1.1825
307.8,1285.2,8.1825,1.4509,1.0325,1.3715
106.2,245.53,4.1775,1.7116,1.4695,1.6745
449.8,673.64,4.1175,1.0954,1.0025,1.0945
461.4,1112.9,3.4875,1.9407,1.3555,1.2145
235,317.8,11.123,3.9355,1.5255,1.3345
154.6,266.38,11.512,4.8479,1.5765,1.9935
421,946.09,14.888,4.37,1.8475,1.4695
489,527.69,0.3225,1.7985,1.7695,1.3275
174.6,178.81,6.9375,4.0342,1.2835,1.0395
233.8,1139.3,14.438,3.9987,1.3075,1.6955
120.2,253.86,3.5025,3.655,1.5775,1.5855
211,248.31,14.033,3.738,1.3235,1.6465
304.2,1076.7,3.6525,4.0816,1.5685,1.8735
180.2,291.39,6.3825,1.8262,1.4885,1.0185
190.2,1044.8,4.7925,3.8723,1.7275,1.5055
233.4,1264.4,10.867,1.5418,1.3865,1.4815
344.2,983.61,7.3425,2.7228,1.1315,1.9975
229,569.39,0.8025,1.2811,1.2425,1.0855
431.4,1413.1,12.623,4.0658,1.7295,1.4155
373.4,886.31,11.572,2.316,1.2065,1.6305
321.4,1434,8.0025,3.5444,1.1695,1.6735
138.6,626.38,9.4275,2.0671,1.3995,1.9825
271,765.38,9.1725,3.4457,1.0635,1.9205
418.6,524.91,4.5975,4.1488,1.5205,1.1915
217.8,384.53,10.027,1.7511,1.5545,1.6945
350.2,552.72,6.1425,1.7709,1.7475,1.6665
185,192.7,7.4925,4.2554,1.7015,1.8925
257.4,733.41,10.147,2.0434,1.6325,1.4365
409,1019.8,0.6525,1.3917,1.0555,1.3855
411,1087.9,10.268,2.5925,1.0745,1.3765
454.2,1452,3.6375,4.2199,1.9915,1.9195
455.8,1101.8,11.707,2.474,1.9435,1.1645
164.2,1318.6,3.4125,1.7472,1.6365,1.2915
159.4,323.37,14.408,3.7222,1.6795,1.0065
479,973.89,10.508,4.528,1.7415,1.4395
236.2,258.03,10.853,2.3357,1.4585,1.6555
129.4,308.07,9.5175,2.079,1.1325,1.8705
132.6,146.84,13.598,2.3002,1.2645,1.9055
253.4,380.36,1.9875,2.3989,1.7815,1.1735
396.6,750.1,10.478,1.7235,1.4645,1.3755
420.6,670.87,12.668,2.0987,1.3855,1.8435
366.2,658.36,12.982,2.9322,1.9115,1.7295
493,1453.4,13.807,1.842,1.3785,1.6365
253.8,299.74,6.5475,2.3831,1.2115,1.8135
485.4,687.54,10.958,4.133,1.9875,1.8045
418.2,1057.3,7.8825,4.4845,1.1055,1.2835
496.6,987.78,2.9775,4.923,1.7615,1.7305
218.6,1062.8,2.0625,1.2969,1.2815,1.2295
208.6,345.61,14.183,3.9197,1.8985,1.4245
249.8,306.68,2.0175,4.682,1.1065,1.8115
147.8,338.65,9.5625,3.971,1.5795,1.4225
107.4,149.62,6.1125,1.8183,1.3885,1.4345
113.8,284.44,5.7225,3.3667,1.5155,1.8595
201.8,1203.2,2.6475,3.6155,1.2265,1.8875
403.4,1395.1,10.793,4.4924,1.7195,1.9215
427.8,1178.2,10.357,1.3601,1.0215,1.3535
186.6,802.91,9.6975,2.9756,1.7945,1.1905
267.4,654.19,4.9875,3.2363,1.6265,1.3235
250.6,1239.4,7.9725,3.8407,1.5315,1.0095
189,455.42,12.788,4.2752,1.4385,1.6565
227,511.01,2.5425,3.4733,1.4435,1.5165
152.6,159.34,11.633,2.7268,1.4075,1.8545
349,359.5,10.808,1.2218,1.2165,1.2135
227.8,1140.7,1.0575,4.6623,1.8565,1.5515
393.4,1283.9,5.6475,1.2376,1.2155,1.1425
239,1046.2,7.8075,4.0105,1.0845,1.4505
210.2,362.28,7.0425,1.1152,1.1135,1.0745
495,529.09,6.8775,2.0869,1.4025,1.2195
159.8,918.28,7.5225,1.2653,1.2315,1.2185
444.6,1157.4,14.168,1.2258,1.1965,1.1105
339,530.47,1.2375,3.2047,1.6375,1.9875
385,851.56,2.1525,4.05,1.6385,1.2905
390.2,827.93,12.277,1.3522,1.3275,1.0545
205,470.7,5.2575,2.6873,1.7865,1.3585
192.6,1377,4.8825,3.4259,1.2215,1.8385
174.2,713.96,8.1075,3.0862,1.7105,1.9725
457.8,631.95,0.5175,1.605,1.3385,1.1165
391.8,565.23,2.2425,4.3937,1.9205,1.1835
475.8,1193.5,1.3275,1.2495,1.0775,1.2065
205.4,962.77,9.3975,2.5451,1.8675,1.7115
461,1454.8,14.543,1.7788,1.2205,1.4165
357.4,1133.7,9.7275,2.9006,1.5465,1.3575
285,356.73,2.5575,1.6603,1.4455,1.0055
451.4,675.03,9.7425,2.628,1.7835,1.9165
185.8,1331.1,9.1425,4.4648,1.5705,1.1065
228.2,259.43,8.0775,3.8012,1.9085,1.7315
266.2,395.64,5.3775,3.6274,1.3615,1.9675
259,1270,3.1125,3.6629,1.7175,1.1355
215.8,220.5,2.9925,4.7097,1.7675,1.9965
141.8,242.75,3.7575,2.7386,1.0205,1.5315
257.8,829.32,12.803,2.8769,1.2325,1.0135
373,1263,11.062,4.7176,1.4145,1.1315
454.6,939.13,4.4775,3.6669,1.4625,1.8495
337.8,1320,10.207,1.9644,1.8755,1.0865
479.8,1183.8,7.7175,1.2534,1.1105,1.2435
425.8,561.06,3.0525,1.6682,1.6275,1.3445
487.8,677.81,5.8725,2.8137,1.5045,1.9625
107,545.76,12.353,1.7353,1.0905,1.3865
242.6,363.67,13.822,1.6366,1.2785,1.5555
126.6,127.38,1.6425,3.5168,1.1745,1.4055
376.6,591.63,14.783,2.7031,1.8085,1.7745
104.2,629.16,7.9575,1.285,1.0045,1.2845
423.4,901.61,11.213,3.9671,1.6615,1.3735
232.6,928.01,13.297,2.6794,1.9345,1.8575
397.4,1249.1,9.2325,1.1428,1.1345,1.0385
165,328.93,1.7625,2.948,1.9065,1.8455
133.4,244.13,5.5275,2.6557,1.7075,1.9325
364.2,376.19,13.957,2.5846,1.9955,1.9155
343.4,1378.4,1.8975,1.7432,1.6395,1.1475
335,1067,2.2575,1.3206,1.2595,1.1365
122.2,613.88,14.768,2.1777,1.7505,1.6575
172.2,239.97,2.1975,1.996,1.7585,1.2345
436.6,1301.9,0.5925,2.3476,1.4235,1.5985
243.8,1012.8,11.723,4.998,1.9155,1.2655
330.2,388.69,8.6175,4.5991,1.3115,1.8305
296.2,726.47,5.3025,3.418,1.9365,1.9915
135,751.49,0.3525,3.896,1.0895,1.2585
311.4,679.2,14.812,3.8565,1.8865,1.8015
121,905.77,1.9125,1.1586,1.1515,1.0465
131.8,722.29,14.303,1.2416,1.0925,1.1985
400.6,718.12,14.513,2.9835,1.6805,1.0875
338.6,748.71,2.4375,3.3193,1.9825,1.4905
123,1246.3,6.6525,4.5359,1.0165,1.5485
446.6,861.29,4.0725,4.8558,1.7735,1.7035
322.6,1023.9,9.2025,2.8611,1.9995,1.8125
463,1021.1,7.1925,3.4852,1.0055,1.5765
127.4,210.77,14.603,1.6089,1.5135,1.4445
148.6,180.19,2.9175,1.6405,1.6215,1.5025
297.4,320.59,2.3475,2.0316,1.9835,1.3005
161,166.3,7.3575,3.9631,1.3215,1.6785
441,643.07,3.8025,1.1902,1.1275,1.1845
189.8,1096.2,1.1925,4.2633,1.8245,1.1805
388.2,1411.7,0.0225,2.154,1.0665,1.7795
465,598.59,2.5725,3.6748,1.4995,1.9795
392.2,504.06,1.4325,2.4779,1.8425,1.2925
257,1164.3,6.4125,1.6879,1.6765,1.6805
333.4,834.88,5.9625,3.5207,1.2935,1.6925
445.8,634.73,8.5425,1.9012,1.7255,1.4335
195,1267.2,7.2375,2.3713,1.2505,1.9125
455,1414.5,8.3325,2.2962,1.1835,1.9955
176.2,219.12,6.2175,4.1764,1.2665,1.5925
113.4,1078.1,3.1875,4.5201,1.6165,1.5805
437.8,1150.4,3.8325,2.1698,1.8345,1.7325
279,305.3,3.0975,4.1685,1.0675,1.6445
130.2,212.16,4.0875,3.7656,1.4705,1.1585
302.2,729.25,2.1675,3.5839,1.4495,1.9595
480.2,843.22,8.6475,1.5062,1.4975,1.4375
299.4,1014.2,1.0125,1.4233,1.3415,1.3155
441.4,896.04,1.6575,2.1264,1.6665,1.1075
450.2,516.58,7.3125,3.5326,1.7555,1.7825
274.2,1068.4,3.3975,1.5023,1.1125,1.3135
150.6,224.68,0.4575,2.5648,1.8235,1.5945
378.6,465.14,2.4975,2.1224,1.4575,1.6405
332.6,369.24,1.8225,1.7274,1.5755,1.0245
335.4,1314.4,0.4875,2.3634,1.9755,1.9905
220.2,1488.2,9.1275,3.5997,1.7925,1.4465
391,417.88,14.738,1.9723,1.5405,1.6385
371,1072.6,10.988,2.2607,1.9845,1.0925
387.4,416.5,12.308,4.3226,1.6995,1.9695
489.8,1247.7,14.678,2.9717,1.0195,1.5445
486.2,1342.2,11.272,3.0586,1.1375,1.7265
198.2,852.95,13.462,3.9118,1.6185,1.1135
195.8,429,12.473,4.3107,1.9055,1.1385
385.4,1233.8,3.1725,4.3897,1.1175,1.4535
341,483.22,0.3075,2.1027,1.8525,1.5905
113,1235.2,6.8625,4.2317,1.8295,1.9895
478.6,925.24,12.518,2.9875,1.5485,1.5615
259.4,1085.1,4.1625,4.7452,1.7955,1.5535
157.8,1449.3,4.4925,3.4496,1.0805,1.3405
285.4,850.17,0.1725,3.9868,1.8825,1.7025
213.8,449.86,2.3925,1.1468,1.0915,1.1195
173,1409,13.402,1.4588,1.3585,1.2955
228.6,672.25,6.0675,4.4253,1.9415,1.3265
464.6,1317.2,11.078,1.838,1.0625,1.8245
188.6,574.96,1.8825,3.422,1.7495,1.8805
378.2,458.19,14.948,1.2337,1.0585,1.2325
101.8,176.03,7.2975,3.3904,1.0695,1.5295
246.6,1281.1,12.652,4.5912,1.1845,1.7245
325.4,647.24,3.8775,1.1112,1.1035,1.0905
275,911.34,4.5525,1.7946,1.2735,1.4625
281.8,391.48,13.793,4.3779,1.5505,1.4005
487,1058.7,6.8175,3.5523,1.3025,1.9605
217.4,1135.1,4.4325,1.5971,1.4515,1.0635
321.8,816.81,10.223,4.1132,1.2475,1.6265
427.4,659.75,7.4625,2.5411,1.0955,1.6815
456.6,1033.7,11.992,2.6162,1.0345,1.7425
355.8,579.12,12.262,2.4424,1.5815,1.0445
314.6,1486.8,11.947,4.6386,1.9195,1.3025
187.8,1290.8,8.5275,1.5497,1.2855,1.2785
206.2,401.2,11.228,2.0158,1.2395,1.5665
355,447.07,10.283,2.1461,1.7915,1.6525
124.2,385.92,13.567,2.9954,1.9935,1.8905
361,1228.3,12.248,3.5563,1.6645,1.3175
269,1427,12.398,1.6287,1.5355,1.0955
172.6,684.76,3.2625,3.659,1.6205,1.6875
221,859.9,11.557,1.4193,1.1725,1.2685
187,202.44,10.658,2.3397,1.8205,1.3985
405.4,1461.8,14.047,4.5754,1.5845,1.2735
377.8,744.53,4.3575,4.1251,1.1245,1.8855
234.2,256.64,0.2625,4.0026,1.7775,1.6625
241.4,832.1,4.5825,2.0711,1.2035,1.8955
379.4,818.2,12.127,3.6353,1.4285,1.9365
353,1385.3,14.468,2.865,1.5745,1.0615
244.2,1438.1,6.0825,4.3028,1.7065,1.7335
473.4,1478.5,8.1975,2.8966,1.0525,1.2975
414.2,1131,5.5425,2.2133,1.7145,1.1515
191.4,1122.6,3.9075,4.5398,1.5805,1.2705
209.8,238.57,0.5475,2.79,1.5385,1.0075
146.6,1406.2,13.508,3.817,1.4225,1.5965
263,360.89,3.1275,3.7933,1.5865,1.0965
323.8,554.11,6.5175,1.0638,1.0065,1.0325
155.4,209.38,0.0525,1.7195,1.5955,1.5395
202.6,283.06,9.8625,1.8815,1.7125,1.7945
279.4,1011.4,12.053,2.7505,1.7165,1.8825
332.2,1162.9,11.183,2.7465,1.1795,1.6015
237.4,1238,6.1875,2.1066,1.6735,1.4255
374.6,420.67,3.8625,4.8953,1.9665,1.1335
321,445.69,13.838,1.9565,1.9295,1.1785
468.2,1200.5,12.367,3.5602,1.6925,1.7395
483.4,766.77,14.062,1.3443,1.1405,1.2965
182.6,971.11,12.562,3.0546,1.1015,1.5365
143,978.06,9.4575,4.2989,1.3925,1.6415
369.4,1456.2,13.327,1.1981,1.0155,1.1955
297,887.71,3.1575,3.1218,1.3605,1.1865
447,1015.6,10.568,4.0895,1.4245,1.4135
381,681.99,0.4725,2.0592,1.4895,1.8065
288.2,422.06,12.158,4.287,1.0315,1.4895
295.4,705.62,14.482,2.8216,1.8655,1.2615
436.2,1243.5,8.6775,4.7255,1.7665,1.4985
337,1439.5,7.6875,1.3877,1.3705,1.2385
410.2,644.46,8.5725,3.4891,1.2435,1.9005
447.4,1129.6,14.572,2.553,1.7885,1.3415
368.2,636.12,4.7325,1.4272,1.2715,1.1395
407.4,1295,11.797,4.8045,1.1005,1.7865
354.6,487.39,14.242,3.3351,1.9215,1.0675
251,1332.5,11.332,2.707,1.1755,1.8935
477.8,1050.3,6.5625,4.7057,1.8105,1.6535
221.4,914.12,13.942,1.9763,1.4675,1.8865
171.8,312.25,13.027,4.054,1.9545,1.5895
375,638.89,9.2475,3.4378,1.5725,1.8665
119.4,285.84,2.8425,2.4463,1.1955,1.6375
218.2,1474.3,12.488,2.7584,1.0265,1.8475
355.4,508.23,0.7575,2.2725,1.4085,1.2635
380.6,975.28,9.8175,4.3305,1.4295,1.9435
109.8,116.25,4.2225,4.3423,1.6685,1.2245
166.6,1436.8,1.2675,2.3318,1.9285,1.4065
127.8,135.72,13.748,4.8835,1.3475,1.5725
453.8,1114.3,14.213,3.3825,1.1305,1.9235
453,1400.6,1.7325,3.9947,1.5445,1.5215
347.4,373.41,14.708,3.1415,1.5375,1.6075
224.6,366.45,3.9975,4.1725,1.5095,1.6315
100.2,1075.4,5.8425,2.075,1.0505,1.6915
448.2,448.46,9.9675,4.0935,1.0405,1.6225
415.4,472.1,11.963,2.6912,1.6965,1.2395
428.2,1208.8,2.3775,3.4101,1.4985,1.9615
107.8,277.5,6.5775,3.0507,1.1025,1.7345
398.2,1404.8,7.1325,3.3311,1.9495,1.7595
363.8,930.8,13.162,3.3232,1.6915,1.7835
411.4,640.28,13.688,4.2041,1.9675,1.4085
161.4,1352,9.6525,1.9842,1.7525,1.1635
395.4,1340.8,11.527,3.6392,1.8175,1.7765
343,648.62,11.107,1.6326,1.0785,1.5435
302.6,1218.5,5.7975,2.1738,1.9775,1.1895
237,1146.2,10.328,4.9269,1.3445,1.8795
331.4,819.59,5.9925,4.4174,1.1595,1.8675
379,1215.7,11.003,4.8005,1.9685,1.1885
408.6,965.55,2.7525,4.7887,1.6515,1.6035
439,862.68,12.893,1.921,1.6305,1.8835
384.2,1029.5,5.6325,4.3976,1.9445,1.0765
331.8,1064.2,8.3025,4.291,1.1155,1.4475
106.6,795.97,5.0025,1.8538,1.7785,1.6425
272.2,622.22,12.848,3.0783,1.8125,1.8765
285.8,1346.4,14.228,3.5365,1.9325,1.4845
334.2,437.34,8.2125,4.6544,1.9375,1.1345
237.8,630.55,7.6425,2.5688,1.5885,1.0725
298.2,476.27,8.0325,4.8756,1.2975,1.2115
463.8,609.7,10.898,2.4147,1.0425,1.6835
226.6,280.27,14.377,1.5773,1.2895,1.3245
277.8,341.44,4.6125,4.4332,1.7425,1.3845
339.8,444.3,12.143,4.8914,1.6785,1.9025
287,292.78,6.2925,1.5813,1.0475,1.2315
265.8,955.82,3.1425,2.2646,1.5835,1.2605
223.8,1251.9,4.8075,2.6952,1.0125,1.3325
339.4,1278.3,1.6725,3.9513,1.6945,1.2175
422.2,866.86,12.742,4.9901,1.3325,1.5345
429.4,488.78,3.4275,2.7702,1.8385,1.5755
160.6,641.67,0.6975,2.9361,1.6695,1.0145
125,287.23,9.2625,4.5714,1.1855,1.6475
289.4,618.05,2.6025,3.2324,1.6065,1.9815
235.8,961.38,9.4725,2.2212,1.2235,1.6905
274.6,419.27,6.9075,4.7334,1.6595,1.5505
325.8,1368.6,12.533,2.1303,1.9315,1.0735
358.2,1168.5,10.402,1.0994,1.0095,1.0455
316.6,365.06,2.1375,4.5082,1.7995,1.6115
379.8,764,12.383,4.7215,1.1685,1.8655
459.8,466.54,9.0225,3.975,1.8805,1.4555
108.6,309.46,11.857,2.9914,1.4355,1.5635
483.8,612.48,2.1225,2.7149,1.9855,1.4715
243.4,502.67,1.3575,4.765,1.7595,1.9985
389.8,757.05,2.5125,4.1804,1.6135,1.9835
239.8,519.36,1.7925,3.9157,1.8495,1.7445
247.4,467.93,9.3075,3.3746,1.4805,1.6635
255,587.47,12.998,3.8486,1.9095,1.6645
269.8,1111.5,3.9675,4.0421,1.8145,1.2595
464.2,590.24,6.4725,4.5872,1.5065,1.2715
426.2,601.37,5.3625,1.3324,1.2925,1.1125
282.6,334.49,5.0175,1.3838,1.2575,1.3705
495.8,715.35,10.012,1.443,1.3165,1.3385
382.2,890.49,4.3875,2.6596,1.1495,1.9285
193.4,214.94,12.607,3.9394,1.3045,1.7005
275.8,755.66,2.9625,4.8874,1.9555,1.5275
480.6,1286.6,13.973,2.5056,1.0645,1.7605
366.6,513.79,14.363,1.0836,1.0485,1.0755
278.6,668.09,7.2825,1.3956,1.0415,1.2335
151.8,156.56,12.188,1.4707,1.3835,1.0115
449.4,912.73,10.072,2.3515,1.4335,1.8175
157.4,882.14,10.748,4.6583,1.0115,1.6615
247.8,570.79,10.252,3.4931,1.9075,1.0435
268.2,387.31,2.7975,2.4305,1.1675,1.5115
342.6,857.12,2.7375,1.3996,1.0255,1.3615
168.2,903,5.6025,4.8637,1.7305,1.0405
222.6,959.99,1.0275,3.5128,1.0835,1.8745
429,1421.5,3.0675,4.8598,1.3265,1.9485
386.6,915.5,0.7425,3.0665,1.5185,1.3815
350.6,1061.5,6.6675,4.5319,1.7315,1.6335
163.8,246.91,10.928,3.2205,1.3735,1.7955
452.2,686.15,1.5825,4.686,1.1455,1.9245
402.6,580.52,11.737,4.9072,1.2365,1.1945
342.2,645.85,6.7725,3.4022,1.4485,1.6725
231,290,12.818,3.0467,1.4415,1.3045
101.4,157.96,9.6075,2.4582,1.8945,1.9405
488.2,836.27,12.322,2.8018,1.5995,1.1175
103.4,139.88,13.147,3.0033,1.7375,1.7405
221.8,691.72,6.3225,3.0902,1.5055,1.4185
170.6,252.47,1.1025,1.2574,1.2285,1.1565
130.6,1189.3,11.692,3.0151,1.7225,1.6605
301,1039.2,13.883,2.2923,1.0185,1.3925
230.2,294.18,7.0725,1.3166,1.2355,1.2675
220.6,1022.5,13.132,4.7689,1.9125,1.0795
292.2,693.11,4.8675,1.21,1.1815,1.2085
466.2,1311.7,10.492,1.9091,1.0965,1.3875
309.8,1174,14.933,1.4154,1.1465,1.3105
283,1499.3,3.6075,1.0559,1.0375,1.0165
180.6,228.85,5.6625,1.9486,1.1145,1.8365
453.4,1186.6,12.232,3.2679,1.3895,1.1615
282.2,737.59,5.0925,3.5247,1.3745,1.6185
209.4,1142.1,14.857,2.2765,1.9405,1.1495
455.4,704.23,8.9925,3.2008,1.0135,1.5915
471.4,633.34,1.0725,1.1349,1.0005,1.1235
417,1089.3,8.8875,2.0039,1.7435,1.5095
147,980.83,12.172,4.4095,1.1625,1.7535
295.8,1272.7,8.4975,1.7867,1.3545,1.7805
327,1207.4,9.2775,1.6129,1.4905,1.4935
111.8,187.14,4.0425,4.1409,1.6255,1.0265
430.6,864.07,6.5025,3.9592,1.3765,1.7575
385.8,656.97,13.118,2.632,1.7965,1.6515
356.2,1154.6,4.9425,1.6524,1.2245,1.3785
251.8,880.75,11.152,1.3285,1.0595,1.2755
460.2,595.8,2.2875,3.027,1.9645,1.4075
299,442.9,13.582,2.8453,1.4215,1.3915
367,526.31,12.968,4.3186,1.6195,1.2995
476.2,837.66,9.5325,2.5767,1.6605,1.1655
384.6,413.71,6.9225,3.1178,1.7035,1.3495
411.8,486,12.008,3.6313,1.3965,1.3665
395.8,936.36,12.593,3.5879,1.9265,1.6105
258.6,822.37,1.9575,4.0303,1.1805,1.4405
340.2,1374.2,7.5375,1.6563,1.5575,1.4315
207,780.67,14.348,4.0263,1.3245,1.4235
273.4,1219.9,13.988,3.2956,1.1075,1.8755
256.6,1297.8,8.3925,2.312,1.1365,1.2535
217,932.19,10.777,1.1507,1.0535,1.1455
474.6,1240.8,14.453,3.7182,1.9015,1.9585
434.2,1213,2.7825,3.5918,1.4825,1.1275
494.2,793.18,2.0475,2.5095,1.9975,1.7725
209,783.45,12.878,1.1705,1.1475,1.0045
319.4,966.94,13.537,4.7373,1.8895,1.5675
404.6,847.39,6.2775,3.6906,1.9865,1.5355
475.4,542.99,5.2275,2.8058,1.2525,1.4635
157,968.33,5.4225,2.549,1.4275,1.2445
485.8,1497.9,11.033,2.5214,1.1975,1.7095
427,894.65,2.9475,3.7775,1.7795,1.8565
376.2,1460.4,0.1875,2.6438,1.2075,1.5185
369,1181,7.2675,4.5517,1.4535,1.8205
357,1065.6,7.7625,4.7571,1.5245,1.8165
381.8,815.42,3.9225,2.9045,1.9305,1.7915
434.6,604.14,1.7025,2.7623,1.2335,1.7695
470.2,1179.6,9.4875,1.9052,1.5655,1.7855
294.2,1060.1,0.0675,3.4615,1.2615,1.9065
142.2,217.72,2.9325,2.7347,1.8795,1.0495
329.4,700.05,6.8025,3.3548,1.8435,1.4045
261,321.98,6.6075,1.9131,1.2345,1.3465
127,606.92,14.332,2.2883,1.4365,1.2095
444.2,1210.2,5.2425,4.6741,1.7285,1.7555
165.8,494.34,12.713,1.526,1.0465,1.5015
435.8,1118.4,1.9425,2.5964,1.9695,1.1765
365.8,871.02,0.1575,4.8124,1.5925,1.6995
397.8,801.52,2.4075,2.1382,1.4835,1.6235
115.8,119.03,13.477,2.5293,1.9925,1.8685
305.8,814.03,10.613,3.1968,1.4745,1.3745
219.4,909.95,9.0975,3.1613,1.7725,1.6585
488.6,1328.3,10.387,4.6504,1.7535,1.9995
267,680.59,10.913,3.6471,1.5105,1.5795
223,1356.1,7.4475,4.0974,1.4935,1.6505
239.4,271.94,8.6625,3.2798,1.1445,1.5495
493.4,1161.5,12.113,4.9704,1.7705,1.2805
199.8,241.35,6.4275,4.761,1.3845,1.8265
472.2,588.86,1.2825,3.0112,1.2995,1.8105
295,1367.3,14.798,4.4134,1.9735,1.0415
330.6,1403.4,9.4425,1.1191,1.1165,1.0375
486.6,976.67,0.5775,2.8374,1.4685,1.4615
484.2,1491,11.918,4.1448,1.5975,1.0685
368.6,807.08,2.8125,1.6168,1.1995,1.6065
496.2,985,13.643,2.8295,1.3565,1.5585
215.4,964.16,12.863,1.1547,1.1085,1.0625
341.8,370.62,5.9475,2.6754,1.9395,1.2005
312.2,555.5,7.4175,1.8459,1.6705,1.7615
483,615.26,8.3625,4.1172,1.6745,1.7175
188.2,551.33,9.9975,3.1336,1.6175,1.7885
374.2,509.62,1.7175,4.7966,1.3795,1.3955
471,1099,1.2975,1.1231,1.0015,1.1015
203.8,347,7.8525,1.8617,1.7745,1.4195
235.4,1432.6,6.4575,1.4075,1.3125,1.0305
169.8,273.32,3.4575,1.1033,1.0995,1.0715
423.8,1428.4,7.7325,4.3739,1.8725,1.8185
112.2,260.81,0.3975,4.3858,1.4035,1.7125
412.6,1350.6,8.0175,3.7972,1.1195,1.7785
421.4,811.25,4.5675,3.7261,1.8015,1.5595
155,231.62,6.0525,4.524,1.8665,1.2105
328.2,1338.1,3.8475,2.8492,1.5965,1.7995
324.6,1074,9.3525,1.4983,1.4115,1.4015
225,1185.2,1.3875,3.1455,1.6125,1.0845
405,495.73,6.4425,2.3792,1.4595,1.3555
219.8,908.56,4.4025,4.8993,1.2255,1.3185
255.8,302.51,6.2625,4.2515,1.7635,1.3945
291,415.11,10.582,3.2126,1.2135,1.8225
428.6,950.25,9.5925,2.5332,1.4055,1.7845
109.4,840.44,8.1375,2.1343,1.8875,1.8775
437.4,1086.5,8.6025,4.9625,1.6485,1.0695
495.4,1093.4,7.4325,3.0309,1.9585,1.2985
247,367.84,7.7925,2.6517,1.8955,1.5575
144.2,223.29,3.3675,1.2297,1.2105,1.1795
392.6,797.36,4.5075,4.2159,1.8745,1.6715
351,683.38,14.258,3.7854,1.1435,1.4825
201.4,723.69,11.048,1.8104,1.6905,1.3635
116.6,160.74,10.943,1.1626,1.1205,1.1405
199,1232.4,11.617,4.8716,1.5365,1.9745
309.4,1165.7,1.9275,1.364,1.3485,1.2465
214.2,720.9,9.8925,1.5181,1.1605,1.4745
338.2,695.88,2.2725,2.1856,1.5665,1.1095
276.6,1176.8,9.6675,1.5931,1.3205,1.0535
471.8,661.13,2.8725,1.131,1.0935,1.0355
177,1244.9,10.463,2.8571,1.3645,1.1625
327.8,427.62,6.6825,2.3594,1.7405,1.4425
267.8,697.27,6.1575,4.3581,1.7895,1.0195
206.6,1372.8,7.9425,1.9368,1.3955,1.7075
299.8,593.02,13.762,4.3463,1.6005,1.5085
268.6,399.81,10.822,2.0276,1.8705,1.7755
383.8,1464.6,4.9125,3.5642,1.8155,1.4355
167.8,1489.6,4.9275,4.3265,1.7765,1.5475
145,1017,2.0325,4.1843,1.9485,1.5625
139.4,171.85,14.978,4.5951,1.7605,1.0705
145.8,1345,7.6725,1.5339,1.2295,1.3975
424.6,1308.9,4.9575,2.3199,1.4545,1.6495
387,1424.2,6.2475,3.6866,1.1885,1.9445
425.4,1104.5,0.5625,4.9032,1.1395,1.4545
345.4,403.99,14.078,3.4575,1.2495,1.6205
396.2,456.81,13.282,3.8328,1.5695,1.0575
335.8,1296.4,12.638,1.2021,1.1945,1.1045
175.8,196.88,5.8875,3.7064,1.6635,1.5735
145.4,597.19,1.8075,4.1527,1.3105,1.7625
171,221.89,0.7275,3.3983,1.8615,1.4835
138.2,855.74,11.902,1.0678,1.0385,1.0425
406.2,1035,12.923,4.8282,1.9525,1.2545
245,1051.7,2.1825,4.9111,1.3695,1.8155
493.8,823.76,13.013,3.2758,1.7685,1.3225
394.6,1158.8,2.4675,2.0553,1.0335,1.6095
414.6,1167.1,6.9525,4.9664,1.4725,1.6825
398.6,602.75,5.0775,1.5655,1.1915,1.4995
290.6,469.31,6.7875,3.58,1.5225,1.7525
472.6,1214.4,2.6175,2.9401,1.8635,1.2215
402.2,426.23,14.963,1.4312,1.1895,1.4215
320.2,747.32,14.617,3.9908,1.9175,1.8975
429.8,1381.2,13.553,4.6228,1.1905,1.9565
389,1144.9,1.3425,4.6346,1.9245,1.6675
325,1007.2,10.732,3.0191,1.1775,1.6245
215,270.55,2.3625,1.1744,1.1095,1.1575
310.6,1495.1,3.2175,4.6307,1.5415,1.3995
270.2,752.88,4.6275,3.1257,1.6835,1.6545
100.6,144.06,11.752,2.1935,1.0355,1.7415
351.4,1463.2,7.2225,1.206,1.2045,1.0105
121.8,998.9,1.2075,1.8854,1.5825,1.0285
361.8,716.74,0.9525,2.4898,1.4865,1.5825
415.8,558.28,3.5475,4.7136,1.2145,1.9095
191.8,922.46,10.688,3.1652,1.3015,1.8335
313,1307.5,13.088,2.9124,1.5435,1.9135
262.6,738.98,14.588,4.9427,1.7235,1.8485
197.8,1125.4,2.6925,3.2442,1.8025,1.2815
119,1349.2,1.2225,2.8097,1.8065,1.5145
439.4,1221.3,14.527,4.4687,1.5215,1.5655
273.8,1187.9,7.5675,1.6642,1.2905,1.2265
184.2,1126.8,12.428,1.7156,1.0105,1.5205
114.2,114.86,4.8975,2.8848,1.6935,1.1675
265,331.71,4.5225,1.5852,1.2955,1.3675
467.4,1153.2,11.348,4.4213,1.0725,1.6085
425,740.37,5.7825,3.7735,1.1735,1.8355
116.2,148.22,3.2475,2.4384,1.8325,1.5975
291.8,769.55,2.3025,2.6991,1.9885,1.4915
185.4,1482.6,10.883,4.2396,1.3975,1.1055
181.8,562.44,9.0825,1.6247,1.6155,1.2475
435,877.98,1.9725,2.5135,1.2015,1.2355
367.4,608.32,10.627,3.6037,1.1485,1.7685
283.8,1313,11.602,4.5043,1.8465,1.8555
345.8,993.34,5.4975,3.023,1.5145,1.8535
345,789.01,7.4775,1.3719,1.3525,1.0935
306.2,1107.3,8.2425,4.9743,1.7805,1.3115
404.2,1279.7,9.9525,4.4569,1.4735,1.8095
212.2,1151.8,8.6925,2.6399,1.7905,1.9015
382.6,770.94,4.9725,1.9605,1.5855,1.4595
490.2,989.17,12.217,2.0513,1.9595,1.3015
284.2,1260.2,2.5875,2.7307,1.6895,1.1525
136.6,249.7,14.723,1.4114,1.2705,1.3545
291.4,707,11.662,2.6833,1.5985,1.9465
186.2,933.58,14.693,2.5253,1.2805,1.7495
277,1206,8.7675,2.944,1.8445,1.8965
329,1119.8,3.7275,4.9546,1.5615,1.3055
293.4,916.89,7.9275,4.1567,1.3465,1.8465
112.6,1445.1,0.9825,2.9677,1.1825,1.5235
142.6,191.31,14.318,3.9789,1.5635,1.5465
492.6,1468.7,10.178,3.1534,1.9945,1.4725
443,481.83,0.2175,4.844,1.6345,1.2645
349.8,599.97,0.6825,4.9348,1.6555,1.7665
230.6,854.34,5.5575,3.0744,1.1425,1.7055
259.8,1003.1,7.7475,4.0224,1.2825,1.6125
336.2,1357.5,0.4125,2.1422,1.6875,1.9075
307.4,996.12,9.9225,1.8499,1.8315,1.4795
198.6,348.38,9.5025,2.0237,1.2885,1.9925
354.2,627.77,8.5125,2.6122,1.1525,1.8295
467.8,474.88,5.0475,1.8736,1.8645,1.6055
405.8,1481.2,10.057,4.4727,1.0145,1.4865
196.2,1415.9,12.082,1.9447,1.7515,1.7675
304.6,577.74,0.0375,4.2594,1.8835,1.9355
117,120.42,10.102,3.3627,1.3315,1.5325
358.6,1121.2,14.498,2.3278,1.8915,1.3485
313.4,839.05,13.867,1.759,1.7395,1.7375
137.8,153.78,0.6075,3.0388,1.7025,1.6845
416.2,991.95,11.302,4.366,1.5715,1.5845
121.4,1172.7,8.8275,3.0704,1.8735,1.1305
140.6,163.51,6.3075,1.8696,1.1645,1.7485
475,1110.1,8.8725,3.8999,1.3945,1.3475
375.4,1289.4,10.763,3.9552,1.8785,1.3905
154.2,351.16,5.1825,1.9881,1.4775,1.6765
359.8,969.72,12.728,3.3785,1.9385,1.4415
293,548.55,4.8375,2.1817,1.1655,1.8515
227.4,1315.8,0.8325,2.7544,1.2755,1.7205
458.6,491.56,2.7075,3.8683,1.7445,1.9555
161.8,352.55,0.5025,1.3245,1.1985,1.2495
359.4,701.44,3.9825,1.1665,1.1585,1.0585
289.8,702.84,1.2525,1.1863,1.1505,1.1815
477.4,1194.9,7.6125,2.3673,1.6855,1.2825
469,477.66,6.7275,3.102,1.5165,1.7655
424.2,1225.5,5.0625,4.7768,1.0735,1.9645
223.4,1258.8,9.1875,3.8604,1.8485,1.2505
391.4,884.92,8.7975,3.9039,1.5565,1.3795
399,1048.9,2.9025,3.7459,1.9535,1.3645
137.4,1492.4,14.393,3.3035,1.9725,1.5255
362.2,800.13,1.6275,3.4062,1.1185,1.5685
177.8,324.75,0.0075,2.6201,1.2875,1.8885
363.4,669.48,3.2925,1.7393,1.6145,1.6885
445.4,515.18,5.4375,4.4608,1.0175,1.3835
459,898.83,13.058,2.6636,1.3055,1.8915
197.4,1149,13.672,4.7808,1.9605,1.2565
194.2,203.82,9.9375,3.8525,1.7875,1.2875
249.4,1229.6,6.2025,2.2567,1.4925,1.2765
413.8,711.17,6.7575,2.0079,1.6715,1.3065
169.4,274.72,4.6575,1.6445,1.4875,1.2935
201,1117.1,8.4525,1.522,1.4615,1.1995
439.8,1261.6,0.2775,4.1883,1.0715,1.9035
245.8,408.15,8.9325,3.0823,1.2025,1.3395
361.4,1396.4,1.4475,4.0737,1.5015,1.3935
498.6,1018.4,4.3275,3.7814,1.8925,1.1855
193.8,944.7,14.663,4.2278,1.9705,1.9865
389.4,812.64,7.3725,2.2291,1.2865,1.5415
469.4,1217.1,7.3875,4.5675,1.3085,1.2945
120.6,498.51,6.0975,2.4226,1.3185,1.3455
261.8,1365.9,4.1925,3.5049,1.6415,1.0785
324.2,340.05,4.7625,1.5457,1.4525,1.4855
178.2,1083.7,5.8275,1.8933,1.1265,1.4675
360.6,1276.9,4.2975,3.8802,1.8625,1.4525
162.2,170.47,11.452,4.2436,1.8815,1.2725
377,897.44,9.7725,1.7314,1.0615,1.5425
195.4,941.92,3.7425,3.7024,1.5785,1.0225
417.4,820.98,7.2525,1.5734,1.5495,1.3375
242.2,1250.5,5.8125,2.3871,1.8215,1.1435
136.2,141.28,0.1275,3.8051,1.5035,1.8325
240.6,335.88,0.0975,1.7669,1.0605,1.5135
409.4,611.1,14.107,1.5576,1.4565,1.0475
101,227.46,12.037,4.7729,1.6465,1.9885
344.6,1224.1,6.9975,1.917,1.4175,1.6695
499.4,1004.5,3.6675,4.0698,1.9805,1.4125
451,497.12,11.497,3.7419,1.6755,1.3805
388.6,921.07,14.422,4.4766,1.1635,1.4645
451.8,1393.7,7.9875,3.185,1.8505,1.4885
497.8,517.96,3.7725,4.9309,1.8965,1.3625
393,1231,7.5075,3.8288,1.3155,1.6855
465.4,869.63,2.6325,3.1929,1.5395,1.5175
365,1196.3,5.7375,2.9243,1.4955,1.5545
250.2,1417.3,12.098,3.8446,1.6505,1.1595
213,358.12,1.5675,1.3364,1.1545,1.3035
315.4,1025.3,10.133,3.9276,1.2185,1.6755
311.8,405.38,12.953,4.0856,1.2775,1.6595
167,743.14,1.8525,2.9085,1.4405,1.2305
410.6,559.66,12.833,3.8091,1.8685,1.5955
254.2,1042,7.7025,4.5635,1.6015,1.8085
458.2,1347.8,9.0375,1.0757,1.0705,1.0155
105.8,296.96,7.1475,2.4266,1.2605,1.6965
147.4,440.12,4.5375,3.497,1.0365,1.8425
303.8,576.35,3.6975,4.2001,1.7625,1.4775
146.2,1470.1,10.373,2.0197,1.0885,1.5525
135.4,155.18,0.7725,3.3469,1.3335,1.5405
336.6,1082.3,8.2725,4.6939,1.6285,1.1035
151,381.75,14.918,2.2054,1.9815,1.0995
296.6,652.8,4.4175,4.1211,1.8165,1.6455
352.2,499.9,5.9775,3.6076,1.5935,1.5935
194.6,676.42,13.717,4.7492,1.9465,1.3775
183,786.24,13.268,2.786,1.4065,1.7015
443.8,1425.6,10.973,2.9203,1.4915,1.3655
289,355.33,8.7525,2.9519,1.5345,1.7365
315.8,594.41,0.9675,1.4904,1.4845,1.1775
248.6,830.71,13.897,2.4187,1.8415,1.4925
497,1360.3,11.782,3.6116,1.6315,1.0655
128.6,198.26,10.537,4.8795,1.8305,1.5605
413.4,568,0.8475,1.6208,1.0395,1.2555
103,152.39,6.3675,1.601,1.3375,1.5265
316.2,349.77,5.7675,3.4536,1.5675,1.2515
433.8,688.93,14.873,1.3008,1.2675,1.0275
420.2,1175.4,8.7075,1.9684,1.6045,1.2015
160.2,233.01,8.0475,1.4667,1.1935,1.3165
326.6,344.22,5.9325,1.8025,1.6455,1.0815
370.2,1442.3,10.192,1.5892,1.3905,1.0605
463.4,1103.2,10.117,3.2482,1.3665,1.0035
481,1030.9,4.2825,3.9434,1.9985,1.7255
331,1211.6,8.4825,2.0908,1.2635,1.9775
482.6,1293.6,3.0375,4.5556,1.8285,1.8625
400.2,1282.5,14.018,4.607,1.7045,1.5785
123.4,1447.9,8.7825,3.4654,1.6115,1.2885
243,1199.1,11.198,4.1646,1.4045,1.9715
253,1008.6,9.2925,2.1185,1.8935,1.2415
143.4,826.54,0.6375,1.368,1.2515,1.1115
150.2,402.59,2.3175,3.1099,1.4345,1.8525
129.8,269.15,6.3975,2.237,1.9185,1.7455
349.4,1361.7,9.5775,4.4016,1.8135,1.9145
399.8,1479.8,6.0225,4.4055,1.2745,1.9765
297.8,708.39,10.418,3.7498,1.6775,1.9755
256.2,1407.6,4.6425,2.5806,1.6565,1.8075
249,1418.7,13.777,3.5958,1.5535,1.7965
423,690.32,9.5475,3.3114,1.8275,1.2155
200.6,907.16,7.0125,1.4035,1.3175,1.3825
244.6,808.47,10.088,3.576,1.0875,1.8995
207.4,540.2,11.393,1.7037,1.6845,1.1245
473.8,951.65,7.1775,1.6484,1.2655,1.5225
137,1446.5,12.293,4.8163,1.5515,1.8415
481.4,833.5,13.103,1.8222,1.6335,1.6355
456.2,1156,1.8675,3.2719,1.2445,1.8605
465.8,1005.9,5.1525,1.0915,1.0795,1.0895
181.4,441.51,10.238,3.6511,1.9255,1.5565
149,327.53,8.5575,4.1369,1.6295,1.7705
276.2,278.88,6.6975,2.1975,1.1925,1.9515
367.8,761.22,11.093,1.9328,1.1115,1.9255
318.6,1000.3,12.758,2.4345,1.0945,1.7435
225.4,251.09,1.1625,3.4141,1.9105,1.0565
317.8,1288,5.4675,2.6478,1.6445,1.6975
353.4,1136.5,14.002,4.6465,1.7005,1.0665
152.2,1375.6,7.3275,3.4773,1.5265,1.6135
203.4,1322.8,9.6375,1.2692,1.2585,1.2025
251.4,775.12,2.7675,3.343,1.9745,1.0085
403,805.69,4.0575,1.2732,1.2275,1.1285
164.6,1475.7,11.647,4.0777,1.5125,1.9105
443.4,1370,13.852,3.2166,1.0295,1.9525
281.4,891.88,11.377,4.8203,1.3395,1.7475
479.4,480.44,1.4175,3.0625,1.1215,1.9805
447.8,1040.6,0.7875,3.7143,1.1555,1.5885
158.6,208,1.5975,3.9078,1.7185,1.9425
149.8,1371.4,1.4025,3.4417,1.3355,1.3505
173.8,184.37,9.8025,4.6425,1.6425,1.8715
122.6,1493.7,8.2875,2.9164,1.4135,1.4965
383.4,986.39,13.432,3.1297,1.9275,1.9185
189.4,841.83,9.3675,2.8808,1.9455,1.3365
102.2,128.76,9.3225,2.5727,1.1225,1.5835
192.2,263.6,0.8175,1.4825,1.0075,1.2695
421.8,1292.2,13.627,2.6359,1.3505,1.1295
280.2,452.63,14.902,2.3555,1.5945,1.6285
163.4,790.4,1.1325,3.2403,1.9355,1.4805
375.8,741.75,6.8325,4.1962,1.1785,1.6395
226.2,954.43,3.9375,1.7827,1.6815,1.6985
394.2,868.25,1.6125,1.052,1.0455,1.0005
323,1242.2,10.553,1.2929,1.2405,1.1665
284.6,798.75,1.1475,1.4391,1.0445,1.4035
303,572.17,4.0275,2.9559,1.3305,1.8005
407,947.48,6.6225,4.208,1.8095,1.1445
341.4,520.75,0.2025,3.3864,1.4205,1.8815
171.4,185.75,8.2575,3.5089,1.1295,1.3965
357.8,694.5,8.0625,3.1494,1.8405,1.4145
277.4,1256.1,5.8575,2.8176,1.4185,1.7215
303.4,1485.4,7.8975,4.5003,1.5175,1.4605
168.6,410.94,9.4125,2.5174,1.3755,1.9705
176.6,177.42,8.3175,3.5681,1.6885,1.9315
380.2,662.52,4.8525,2.4542,1.0755,1.4435
313.8,768.16,1.0875,1.1784,1.1765,1.0505
340.6,879.37,4.0125,2.7939,1.7205,1.4955
300.6,330.31,13.372,4.6149,1.1235,1.7155
126.2,138.5,3.2775,3.2284,1.6535,1.9475
328.6,958.6,3.3225,4.212,1.3345,1.8285
216.6,264.99,4.1025,2.2528,1.9575,1.7185
179.8,383.13,2.4825,4.1053,1.2965,1.1695
275.4,943.31,13.703,3.4338,1.7135,1.2775
246.2,460.98,9.9075,1.9249,1.7325,1.1155
271.4,873.8,8.9475,4.6109,1.2225,1.4205
408.2,957.21,0.6225,2.0395,1.4375,1.8345
231.8,563.84,5.3175,2.1659,1.6245,1.7285
141.4,1097.6,3.5325,1.8775,1.8695,1.4515
351.8,353.94,8.8425,4.4529,1.9565,1.2895
387.8,431.79,1.6875,2.0118,1.5895,1.8845
452.6,1036.4,3.5175,3.813,1.2385,1.7275
435.4,1450.7,0.7125,2.4661,1.2845,1.8375
356.6,1001.7,7.7775,1.9921,1.4325,1.6295
108.2,110.69,9.8325,2.4937,1.1335,1.6275
234.6,473.49,7.5975,4.0619,1.9635,1.7815
312.6,745.93,4.3125,1.7906,1.3255,1.5335
123.8,130.16,6.0075,1.8143,1.1045,1.8055
211.8,1326.9,9.7125,4.3147,1.0435,1.7505
329.8,1358.9,5.6175,4.0579,1.7365,1.3435
131.4,131.54,5.7525,4.4964,1.6475,1.2665
334.6,533.25,1.3125,4.9151,1.8045,1.6685
265.4,772.33,11.932,1.5378,1.2305,1.5045
300.2,479.05,5.5125,3.6708,1.8975,1.1145
273,1236.6,1.3725,1.5694,1.2915,1.4975
416.6,900.22,0.8775,2.9282,1.8225,1.7145
183.4,337.26,14.828,4.5833,1.5425,1.3095
301.4,605.53,9.8475,1.2613,1.2535,1.2425
238.6,1335.3,14.092,1.3048,1.2465,1.2855
279.8,288.62,13.928,2.5569,1.8265,1.4875
491.8,1055.9,13.223,2.6043,1.3815,1.9655
124.6,137.1,7.6575,4.8084,1.7095,1.9455
292.6,1484,8.7225,2.7821,1.9785,1.1875
438.2,1388.1,5.1675,4.7926,1.3655,1.8585
490.6,1197.7,5.5875,1.3403,1.2625,1.3215
462.6,1190.7,12.067,1.2771,1.2555,1.2205
110.2,1410.3,7.8225,2.6675,1.8365,1.7895
175,1324.2,0.1125,4.5161,1.3935,1.6705
196.6,730.63,8.9025,4.8677,1.4815,1.8215
178.6,997.51,4.8225,3.8762,1.4475,1.2225
232.2,982.22,6.4875,4.4885,1.8075,1.4175
315,547.15,9.6225,3.106,1.1575,1.8445
148.2,534.64,6.3525,3.7696,1.6105,1.8395
133.8,937.75,13.207,3.9236,1.1715,1.7585
290.2,762.61,14.633,4.8242,1.7575,1.5815
395,759.83,7.5525,2.2093,1.3775,1.8505
487.4,544.38,9.9825,2.0948,1.4155,1.0805
260.2,1364.5,5.3925,1.1389,1.0855,1.0255
437,784.85,11.243,3.3153,1.8775,1.1715
287.4,435.95,3.6225,3.7103,1.3285,1.8315
260.6,1171.3,0.9075,2.9598,1.9005,1.6935
466.6,1253.3,6.5325,3.2837,1.3515,1.5455
461.8,1429.8,12.938,3.4299,1.4785,1.6485
182.2,1459,5.4825,2.6715,1.7215,1.3885
470.6,651.4,4.2675,1.7748,1.4445,1.3205
346.2,1143.5,0.2325,1.4786,1.4105,1.1505
214.6,374.8,2.0775,4.5596,1.4465,1.2625
238.2,787.62,8.9775,1.0875,1.0865,1.0345
450.6,727.86,6.5925,1.68,1.4635,1.5745
109,112.08,4.3425,2.2804,1.6625,1.7775
457.4,616.65,7.1625,3.5405,1.4395,1.3515
103.8,121.81,5.4075,2.4819,1.7985,1.7715
261.4,326.14,1.0425,2.5609,1.6225,1.1935
258.2,1108.7,13.192,4.2673,1.3295,1.9335
263.4,276.11,4.6725,4.7294,1.0245,1.7105
440.6,1257.4,5.1975,2.1501,1.8555,1.6775
240.2,893.26,14.152,4.9388,1.0225,1.9115
104.6,113.47,5.2725,1.4944,1.2125,1.4455
386.2,923.85,0.9975,2.3239,1.8115,1.0885
347,719.51,3.8925,2.2449,1.3675,1.1755
326.2,709.78,5.6925,2.4858,1.6975,1.9785
469.8,1383.9,4.4475,1.6761,1.3725,1.5105
139,151,11.842,2.7663,1.3145,1.7925
491.4,1343.6,14.197,3.2995,1.4255,1.9225
401.8,1032.3,5.2875,2.233,1.7645,1.8985
320.6,883.53,2.5275,1.4549,1.4095,1.4295
415,889.1,0.3375,3.7538,1.6055,1.6895
412.2,794.58,1.5525,4.6978,1.9655,1.0985
478.2,1431.2,0.4425,4.7847,1.4425,1.4095
241,1329.7,13.342,3.6985,1.7155,1.7645
114.6,164.91,2.4225,2.4068,1.7715,1.5715
489.4,505.45,3.2025,1.0717,1.0565,1.0365
224.2,776.5,3.2325,4.1922,1.0545,1.4305
448.6,1047.6,11.587,1.7077,1.4765,1.3595
371.4,501.28,10.838,4.3542,1.9165,1.4945
132.2,142.66,12.908,1.0796,1.0765,1.0515
327.4,1090.6,13.417,4.2357,1.3135,1.9845
462.2,1477.1,4.2375,1.5536,1.5475,1.0015
370.6,929.41,11.018,4.0382,1.8515,1.8195
105,117.64,5.4525,4.9585,1.6025,1.8645
158.2,201.05,9.7575,3.5484,1.3915,1.8785
343.8,1137.9,5.1075,3.1692,1.8055,1.3285
438.6,665.31,4.3725,2.6083,1.1665,1.9685
482.2,1222.7,12.697,2.2172,1.6985,1.1085
286.6,1457.6,9.1125,3.2561,1.3425,1.5645
119.8,234.41,14.753,3.9315,1.9425,1.5285
317,1274.1,11.768,1.2455,1.2415,1.1225
433.4,1300.5,8.9175,1.8657,1.3535,1.8035
134.2,1132.3,0.4275,4.9783,1.8035,1.5065
363,538.82,0.9375,3.3272,1.9965,1.8945
422.6,1115.7,10.703,4.5793,1.0515,1.4685
269.4,313.63,11.812,2.6241,1.5085,1.4765
177.4,255.25,11.678,2.0829,1.8595,1.2795
317.4,531.87,12.547,1.6721,1.5645,1.2365
348.6,865.47,0.3675,1.6958,1.6675,1.0525
283.4,319.19,4.2525,2.6004,1.5455,1.6345
481.8,948.87,2.8575,3.6432,1.2085,1.7065
110.6,124.59,7.0275,1.1073,1.0975,1.0335
254.6,777.89,4.7025,1.5299,1.3715,1.3525
